,user_id,deal_id,predicted_value
0,10134055616513,20000026,0.4178069246995931
1,10134055616513,20000027,0.0
2,10134055616513,20000028,0.4382
3,10134055616513,20000029,0.0
4,10134055616513,20000030,0.4393
5,10134055616513,20000031,0.4426
6,10134055616513,20000032,0.4113
7,10134055616513,20000033,0.4717801110100012
8,10134055616513,20000034,0.4106
9,10134055616513,20000035,0.0
10,10134055616513,20000036,0.423
11,10134055616513,20000037,0.43303127666120433
12,10134055616513,20000038,0.0
13,10134055616513,20000039,0.4304583239368489
14,10134055616513,20000040,0.4463205634751413
15,10134055616513,20000041,0.43486951551376035
16,10134055616513,20000042,0.4552516825051835
17,10134055616513,20000043,0.42637241962692796
18,10134055616513,20000044,0.44764489073196934
19,10134055616513,20000045,0.43930781749510645
20,10134055616513,20000046,0.4321473646941738
21,10134055616513,20000047,0.49690000000000006
22,10134055616513,20000231,0.0
23,10134055616513,21000026,0.4323699275477167
24,10134055616513,21000028,0.4206
25,10134055616513,21000033,0.4800372571656223
26,10134055616513,30000001,0.48599999999999993
27,10134055616513,30000002,0.4767
28,10134055616513,30000003,0.4798
29,10134055616513,30000047,0.41931537771601335
30,10134055616513,30000048,0.4145
31,10134055616513,30000049,0.4475
32,10134055616513,30000050,0.4652
33,10134055616513,30000051,0.4529699339915311
34,10134055616513,30000052,0.46582136518636563
35,10134055616513,30000053,0.4555362200555317
36,10134055616513,30000054,0.42678542477642173
37,10134055616513,30000055,0.44993182881093347
38,10134055616513,30000056,0.45355708698868036
39,10134055616513,30000057,0.46178730064776374
40,10134055616513,31000002,0.48860000000000003
41,10134055616513,40000005,0.47272720431245163
42,10134055616513,40000006,0.480891499242106
43,10134055616513,40000007,0.442266731003953
44,10134055616513,40000008,0.48018885314073617
45,10134055616513,40000009,0.46766313854040387
46,10134055616513,40000010,0.4372082977814286
47,10134055616513,40000011,0.43401822803926976
48,10134055616513,40000012,0.4413940638886872
49,10134055616513,40000013,0.46544586827269685
50,10134055616513,40000014,0.44362482017555466
51,10134055616513,40000015,0.47385276760384903
52,10134055616513,40000016,0.4514863095949331
53,10134055616513,40000017,0.4697030231039386
54,10134055616513,40000018,0.46360524813247517
55,10134055616513,40000019,0.0
56,10134055616513,40000020,0.4912
57,10134055616513,40000021,0.4636
58,10134055616513,40000022,0.4537
59,10134055616513,40000023,0.4618
60,10134055616513,40000024,0.4873
61,10134055616513,40000025,0.4666
62,10134055616513,40000026,0.4877
63,10134055616513,40000027,0.4109
64,10134055616513,40000028,0.4186
65,10134055616513,40000029,0.0
66,10134055616513,40000030,0.0
67,10134055616513,40000031,0.0
68,10134055616513,40000032,0.0
69,10134055616513,40000033,0.0
70,10134055616513,40000034,0.4875
71,10134055616513,40000035,0.4425
72,10134055616513,40000036,0.4097
73,10134055616513,40000037,0.4889
74,10134055616513,40000038,0.45199999999999996
75,10134055616513,40000039,0.0
76,10134055616513,40000040,0.0
77,10134055616513,40000041,0.0
78,10134055616513,40000052,0.4975
0,10128184674056,20000026,0.4072
1,10128184674056,20000027,0.0
2,10128184674056,20000028,0.4382
3,10128184674056,20000029,0.0
4,10128184674056,20000030,0.4393
5,10128184674056,20000031,0.4426
6,10128184674056,20000032,0.4113
7,10128184674056,20000033,0.0
8,10128184674056,20000034,0.4106
9,10128184674056,20000035,0.0
10,10128184674056,20000036,0.423
11,10128184674056,20000037,0.45771022880398243
12,10128184674056,20000038,0.42231567741510057
13,10128184674056,20000039,0.42918606333612724
14,10128184674056,20000040,0.4413073107109054
15,10128184674056,20000041,0.4436163722776569
16,10128184674056,20000042,0.42299240521889336
17,10128184674056,20000043,0.44506395652799086
18,10128184674056,20000044,0.4356278810668521
19,10128184674056,20000045,0.4478559373254765
20,10128184674056,20000046,0.46086003426444383
21,10128184674056,20000047,0.0
22,10128184674056,20000231,0.0
23,10128184674056,21000026,0.0
24,10128184674056,21000028,0.4206
25,10128184674056,21000033,0.0
26,10128184674056,30000001,0.4922171221869677
27,10128184674056,30000002,0.4855606229593792
28,10128184674056,30000003,0.4798
29,10128184674056,30000047,0.4308
30,10128184674056,30000048,0.4145
31,10128184674056,30000049,0.4475
32,10128184674056,30000050,0.4652
33,10128184674056,30000051,0.4367
34,10128184674056,30000052,0.4926
35,10128184674056,30000053,0.4896
36,10128184674056,30000054,0.4165
37,10128184674056,30000055,0.486
38,10128184674056,30000056,0.4584
39,10128184674056,30000057,0.4658
40,10128184674056,31000002,0.4886
41,10128184674056,40000005,0.4859645170754412
42,10128184674056,40000006,0.46453465647083336
43,10128184674056,40000007,0.4425470226846697
44,10128184674056,40000008,0.46787766489679306
45,10128184674056,40000009,0.46413314612361745
46,10128184674056,40000010,0.4274467594507515
47,10128184674056,40000011,0.4251857492843286
48,10128184674056,40000012,0.44933485030229614
49,10128184674056,40000013,0.447282378357707
50,10128184674056,40000014,0.44058496409142794
51,10128184674056,40000015,0.4779638979253063
52,10128184674056,40000016,0.4698102614831367
53,10128184674056,40000017,0.4766603647832439
54,10128184674056,40000018,0.4505836132478161
55,10128184674056,40000019,0.457
56,10128184674056,40000020,0.47370000000000007
57,10128184674056,40000021,0.4334
58,10128184674056,40000022,0.4476
59,10128184674056,40000023,0.49250000000000005
60,10128184674056,40000024,0.4447
61,10128184674056,40000025,0.47440000000000004
62,10128184674056,40000026,0.49210000000000004
63,10128184674056,40000027,0.4742
64,10128184674056,40000028,0.4976
65,10128184674056,40000029,0.0
66,10128184674056,40000030,0.0
67,10128184674056,40000031,0.0
68,10128184674056,40000032,0.0
69,10128184674056,40000033,0.0
70,10128184674056,40000034,0.0
71,10128184674056,40000035,0.0
72,10128184674056,40000036,0.0
73,10128184674056,40000037,0.0
74,10128184674056,40000038,0.0
75,10128184674056,40000039,0.4639130816001154
76,10128184674056,40000040,0.45361138042995797
77,10128184674056,40000041,0.0
78,10128184674056,40000052,0.0
0,10134011535754,20000026,0.4749426299881414
1,10134011535754,20000027,0.4434531464893886
2,10134011535754,20000028,0.4613952502450624
3,10134011535754,20000029,0.47895706800637916
4,10134011535754,20000030,0.41600000000000004
5,10134011535754,20000031,0.4570172224604372
6,10134011535754,20000032,0.4562592129640562
7,10134011535754,20000033,0.4359830395172359
8,10134011535754,20000034,0.45201228850631786
9,10134011535754,20000035,0.471314886472214
10,10134011535754,20000036,0.4313059955275407
11,10134011535754,20000037,0.4635389254750515
12,10134011535754,20000038,0.4061643221566955
13,10134011535754,20000039,0.4435165350539122
14,10134011535754,20000040,0.4325184889287284
15,10134011535754,20000041,0.43849687955935085
16,10134011535754,20000042,0.4163849023133176
17,10134011535754,20000043,0.4720344660294628
18,10134011535754,20000044,0.46561112513956543
19,10134011535754,20000045,0.4631793807372472
20,10134011535754,20000046,0.45340740508879
21,10134011535754,20000047,0.4507577829922715
22,10134011535754,20000231,0.4899
23,10134011535754,21000026,0.47379999999999994
24,10134011535754,21000028,0.43315000000000003
25,10134011535754,21000033,0.45399999999999996
26,10134011535754,30000001,0.4938128354567992
27,10134011535754,30000002,0.4451433665473652
28,10134011535754,30000003,0.4743612869746062
29,10134011535754,30000047,0.44530719899521565
30,10134011535754,30000048,0.4452964605441018
31,10134011535754,30000049,0.44490460102931945
32,10134011535754,30000050,0.44730000000000003
33,10134011535754,30000051,0.43886000000000003
34,10134011535754,30000052,0.45783381112915567
35,10134011535754,30000053,0.4448999999999999
36,10134011535754,30000054,0.45275
37,10134011535754,30000055,0.48219999999999996
38,10134011535754,30000056,0.4816
39,10134011535754,30000057,0.4107
40,10134011535754,31000002,0.42895
41,10134011535754,40000005,0.4641670372706888
42,10134011535754,40000006,0.4401686767537272
43,10134011535754,40000007,0.43866100744585956
44,10134011535754,40000008,0.43831789549676975
45,10134011535754,40000009,0.45550494355077015
46,10134011535754,40000010,0.42703102339955645
47,10134011535754,40000011,0.44308820407050675
48,10134011535754,40000012,0.44730387876487254
49,10134011535754,40000013,0.4526116200368175
50,10134011535754,40000014,0.4433992135842809
51,10134011535754,40000015,0.47950834006890436
52,10134011535754,40000016,0.4726913802094681
53,10134011535754,40000017,0.4622665440562723
54,10134011535754,40000018,0.46141430548682255
55,10134011535754,40000019,0.442125
56,10134011535754,40000020,0.4169
57,10134011535754,40000021,0.48219999999999996
58,10134011535754,40000022,0.4452
59,10134011535754,40000023,0.4918
60,10134011535754,40000024,0.0
61,10134011535754,40000025,0.0
62,10134011535754,40000026,0.0
63,10134011535754,40000027,0.0
64,10134011535754,40000028,0.0
65,10134011535754,40000029,0.0
66,10134011535754,40000030,0.0
67,10134011535754,40000031,0.0
68,10134011535754,40000032,0.0
69,10134011535754,40000033,0.0
70,10134011535754,40000034,0.4875
71,10134011535754,40000035,0.4425
72,10134011535754,40000036,0.40969999999999995
73,10134011535754,40000037,0.4889
74,10134011535754,40000038,0.45200000000000007
75,10134011535754,40000039,0.0
76,10134011535754,40000040,0.0
77,10134011535754,40000041,0.0
78,10134011535754,40000052,0.49749999999999994
0,10134016049164,20000026,0.46166162066113664
1,10134016049164,20000027,0.4804
2,10134016049164,20000028,0.0
3,10134016049164,20000029,0.0
4,10134016049164,20000030,0.0
5,10134016049164,20000031,0.0
6,10134016049164,20000032,0.0
7,10134016049164,20000033,0.436325
8,10134016049164,20000034,0.0
9,10134016049164,20000035,0.0
10,10134016049164,20000036,0.0
11,10134016049164,20000037,0.0
12,10134016049164,20000038,0.4398742948006794
13,10134016049164,20000039,0.0
14,10134016049164,20000040,0.0
15,10134016049164,20000041,0.0
16,10134016049164,20000042,0.0
17,10134016049164,20000043,0.45422456910757836
18,10134016049164,20000044,0.0
19,10134016049164,20000045,0.0
20,10134016049164,20000046,0.0
21,10134016049164,20000047,0.0
22,10134016049164,20000231,0.0
23,10134016049164,21000026,0.0
24,10134016049164,21000028,0.0
25,10134016049164,21000033,0.0
26,10134016049164,30000001,0.4987
27,10134016049164,30000002,0.49479999999999996
28,10134016049164,30000003,0.0
29,10134016049164,30000047,0.0
30,10134016049164,30000048,0.0
31,10134016049164,30000049,0.457975
32,10134016049164,30000050,0.0
33,10134016049164,30000051,0.0
34,10134016049164,30000052,0.0
35,10134016049164,30000053,0.45249999999999996
36,10134016049164,30000054,0.0
37,10134016049164,30000055,0.0
38,10134016049164,30000056,0.0
39,10134016049164,30000057,0.0
40,10134016049164,31000002,0.0
41,10134016049164,40000005,0.48240522466113794
42,10134016049164,40000006,0.4551679301377553
43,10134016049164,40000007,0.44195998297785233
44,10134016049164,40000008,0.45182568048978994
45,10134016049164,40000009,0.4670444663439565
46,10134016049164,40000010,0.43178180036996744
47,10134016049164,40000011,0.4479148881075595
48,10134016049164,40000012,0.4479273270187405
49,10134016049164,40000013,0.42055754600598666
50,10134016049164,40000014,0.45851034669904067
51,10134016049164,40000015,0.4539784435832788
52,10134016049164,40000016,0.4615167949068077
53,10134016049164,40000017,0.4609630000309339
54,10134016049164,40000018,0.43931700270137714
55,10134016049164,40000019,0.45796683532010346
56,10134016049164,40000020,0.4551367618540124
57,10134016049164,40000021,0.4686894891837785
58,10134016049164,40000022,0.4427980512434858
59,10134016049164,40000023,0.46668549695323597
60,10134016049164,40000024,0.4447
61,10134016049164,40000025,0.47955645504055205
62,10134016049164,40000026,0.47875767258257146
63,10134016049164,40000027,0.4742
64,10134016049164,40000028,0.4976
65,10134016049164,40000029,0.4631
66,10134016049164,40000030,0.43447500000000006
67,10134016049164,40000031,0.46864999999999996
68,10134016049164,40000032,0.45707500000000006
69,10134016049164,40000033,0.4377
70,10134016049164,40000034,0.0
71,10134016049164,40000035,0.0
72,10134016049164,40000036,0.0
73,10134016049164,40000037,0.0
74,10134016049164,40000038,0.0
75,10134016049164,40000039,0.42563579729214845
76,10134016049164,40000040,0.42379179912660364
77,10134016049164,40000041,0.0
78,10134016049164,40000052,0.0
0,10134012147603,20000026,0.4310862438635935
1,10134012147603,20000027,0.4804
2,10134012147603,20000028,0.4382
3,10134012147603,20000029,0.0
4,10134012147603,20000030,0.4393
5,10134012147603,20000031,0.4426
6,10134012147603,20000032,0.4113
7,10134012147603,20000033,0.436325
8,10134012147603,20000034,0.4106
9,10134012147603,20000035,0.0
10,10134012147603,20000036,0.42300000000000004
11,10134012147603,20000037,0.43815000000000004
12,10134012147603,20000038,0.43520755986353676
13,10134012147603,20000039,0.42051397486348163
14,10134012147603,20000040,0.44425000000000003
15,10134012147603,20000041,0.4362930172241453
16,10134012147603,20000042,0.45189999999999997
17,10134012147603,20000043,0.43961310676173
18,10134012147603,20000044,0.4451830524720927
19,10134012147603,20000045,0.42076782735871837
20,10134012147603,20000046,0.4420381552172221
21,10134012147603,20000047,0.0
22,10134012147603,20000231,0.0
23,10134012147603,21000026,0.0
24,10134012147603,21000028,0.4205999999999999
25,10134012147603,21000033,0.0
26,10134012147603,30000001,0.49315987686722734
27,10134012147603,30000002,0.4869042339603792
28,10134012147603,30000003,0.4798
29,10134012147603,30000047,0.43080000000000007
30,10134012147603,30000048,0.41450000000000004
31,10134012147603,30000049,0.4529710292522845
32,10134012147603,30000050,0.4652
33,10134012147603,30000051,0.43670000000000003
34,10134012147603,30000052,0.4926
35,10134012147603,30000053,0.4702228940086155
36,10134012147603,30000054,0.4165
37,10134012147603,30000055,0.48600000000000004
38,10134012147603,30000056,0.4584
39,10134012147603,30000057,0.46580000000000005
40,10134012147603,31000002,0.4886
41,10134012147603,40000005,0.47622650624809093
42,10134012147603,40000006,0.4612289327809102
43,10134012147603,40000007,0.43198102834284896
44,10134012147603,40000008,0.45308093215987577
45,10134012147603,40000009,0.4696450901402334
46,10134012147603,40000010,0.423830705047783
47,10134012147603,40000011,0.44739773662984067
48,10134012147603,40000012,0.45872510130565636
49,10134012147603,40000013,0.4393385893994607
50,10134012147603,40000014,0.4547505758402094
51,10134012147603,40000015,0.4749788163037108
52,10134012147603,40000016,0.4668248865643477
53,10134012147603,40000017,0.471907954263159
54,10134012147603,40000018,0.44434148054954525
55,10134012147603,40000019,0.45849999999999996
56,10134012147603,40000020,0.44489999999999996
57,10134012147603,40000021,0.48815000000000003
58,10134012147603,40000022,0.44014999999999993
59,10134012147603,40000023,0.4524500000000001
60,10134012147603,40000024,0.0
61,10134012147603,40000025,0.4824
62,10134012147603,40000026,0.4714
63,10134012147603,40000027,0.0
64,10134012147603,40000028,0.0
65,10134012147603,40000029,0.4631
66,10134012147603,40000030,0.43447500000000006
67,10134012147603,40000031,0.46865
68,10134012147603,40000032,0.457075
69,10134012147603,40000033,0.4377
70,10134012147603,40000034,0.48750000000000004
71,10134012147603,40000035,0.4425
72,10134012147603,40000036,0.4097
73,10134012147603,40000037,0.4889
74,10134012147603,40000038,0.452
75,10134012147603,40000039,0.4264
76,10134012147603,40000040,0.4166
77,10134012147603,40000041,0.0
78,10134012147603,40000052,0.49750000000000005
0,10128110003733,20000026,0.43700683264393286
1,10128110003733,20000027,0.4201
2,10128110003733,20000028,0.0
3,10128110003733,20000029,0.0
4,10128110003733,20000030,0.0
5,10128110003733,20000031,0.0
6,10128110003733,20000032,0.0
7,10128110003733,20000033,0.4739
8,10128110003733,20000034,0.0
9,10128110003733,20000035,0.0
10,10128110003733,20000036,0.0
11,10128110003733,20000037,0.4354195463344492
12,10128110003733,20000038,0.4573696635533849
13,10128110003733,20000039,0.44383270783278406
14,10128110003733,20000040,0.47519967263235935
15,10128110003733,20000041,0.44420000000000004
16,10128110003733,20000042,0.42756075653897446
17,10128110003733,20000043,0.4435914766605009
18,10128110003733,20000044,0.4181
19,10128110003733,20000045,0.45115
20,10128110003733,20000046,0.42939576492874576
21,10128110003733,20000047,0.4969
22,10128110003733,20000231,0.0
23,10128110003733,21000026,0.4469000000000001
24,10128110003733,21000028,0.0
25,10128110003733,21000033,0.47539999999999993
26,10128110003733,30000001,0.4836
27,10128110003733,30000002,0.49180000000000007
28,10128110003733,30000003,0.4464
29,10128110003733,30000047,0.4175519396912857
30,10128110003733,30000048,0.4594
31,10128110003733,30000049,0.4234082981522334
32,10128110003733,30000050,0.42665
33,10128110003733,30000051,0.47180242556572816
34,10128110003733,30000052,0.4352557417236981
35,10128110003733,30000053,0.433043161572087
36,10128110003733,30000054,0.4442961979675876
37,10128110003733,30000055,0.410372220648831
38,10128110003733,30000056,0.4506700837756642
39,10128110003733,30000057,0.4660917798749733
40,10128110003733,31000002,0.0
41,10128110003733,40000005,0.4707840031184549
42,10128110003733,40000006,0.4479567145613545
43,10128110003733,40000007,0.44308417254280674
44,10128110003733,40000008,0.4519037537292986
45,10128110003733,40000009,0.47113199376309006
46,10128110003733,40000010,0.4412191802789792
47,10128110003733,40000011,0.4189752564820935
48,10128110003733,40000012,0.4466068020938405
49,10128110003733,40000013,0.46238370095821935
50,10128110003733,40000014,0.4699379490675043
51,10128110003733,40000015,0.4322353282542968
52,10128110003733,40000016,0.4337420309293279
53,10128110003733,40000017,0.4554635706158566
54,10128110003733,40000018,0.4587307045810023
55,10128110003733,40000019,0.4486714285714286
56,10128110003733,40000020,0.47674730414937494
57,10128110003733,40000021,0.4636
58,10128110003733,40000022,0.45369999999999994
59,10128110003733,40000023,0.4618
60,10128110003733,40000024,0.4873
61,10128110003733,40000025,0.46660000000000007
62,10128110003733,40000026,0.4579891949076936
63,10128110003733,40000027,0.41711958118649184
64,10128110003733,40000028,0.4186
65,10128110003733,40000029,0.0
66,10128110003733,40000030,0.0
67,10128110003733,40000031,0.0
68,10128110003733,40000032,0.0
69,10128110003733,40000033,0.0
70,10128110003733,40000034,0.0
71,10128110003733,40000035,0.0
72,10128110003733,40000036,0.0
73,10128110003733,40000037,0.0
74,10128110003733,40000038,0.0
75,10128110003733,40000039,0.4958
76,10128110003733,40000040,0.4671
77,10128110003733,40000041,0.0
78,10128110003733,40000052,0.0
0,10160362424221,20000026,0.0
1,10160362424221,20000027,0.0
2,10160362424221,20000028,0.0
3,10160362424221,20000029,0.0
4,10160362424221,20000030,0.0
5,10160362424221,20000031,0.0
6,10160362424221,20000032,0.0
7,10160362424221,20000033,0.0
8,10160362424221,20000034,0.0
9,10160362424221,20000035,0.0
10,10160362424221,20000036,0.0
11,10160362424221,20000037,0.0
12,10160362424221,20000038,0.40700000000000003
13,10160362424221,20000039,0.41180000000000005
14,10160362424221,20000040,0.0
15,10160362424221,20000041,0.4365
16,10160362424221,20000042,0.0
17,10160362424221,20000043,0.4316396823656702
18,10160362424221,20000044,0.4361999999999999
19,10160362424221,20000045,0.4235
20,10160362424221,20000046,0.4415
21,10160362424221,20000047,0.0
22,10160362424221,20000231,0.0
23,10160362424221,21000026,0.0
24,10160362424221,21000028,0.0
25,10160362424221,21000033,0.0
26,10160362424221,30000001,0.4986999999999999
27,10160362424221,30000002,0.4948
28,10160362424221,30000003,0.0
29,10160362424221,30000047,0.0
30,10160362424221,30000048,0.0
31,10160362424221,30000049,0.0
32,10160362424221,30000050,0.0
33,10160362424221,30000051,0.0
34,10160362424221,30000052,0.0
35,10160362424221,30000053,0.0
36,10160362424221,30000054,0.0
37,10160362424221,30000055,0.0
38,10160362424221,30000056,0.0
39,10160362424221,30000057,0.0
40,10160362424221,31000002,0.0
41,10160362424221,40000005,0.4923
42,10160362424221,40000006,0.4573308238146453
43,10160362424221,40000007,0.4438810418233488
44,10160362424221,40000008,0.4556458732293933
45,10160362424221,40000009,0.4776146159631342
46,10160362424221,40000010,0.4360465783843225
47,10160362424221,40000011,0.43505963171807793
48,10160362424221,40000012,0.45905179912052296
49,10160362424221,40000013,0.463652808832426
50,10160362424221,40000014,0.4515457362462589
51,10160362424221,40000015,0.49123684956850244
52,10160362424221,40000016,0.46872197329024073
53,10160362424221,40000017,0.4711196347799133
54,10160362424221,40000018,0.45039902928921327
55,10160362424221,40000019,0.0
56,10160362424221,40000020,0.0
57,10160362424221,40000021,0.0
58,10160362424221,40000022,0.0
59,10160362424221,40000023,0.0
60,10160362424221,40000024,0.0
61,10160362424221,40000025,0.0
62,10160362424221,40000026,0.0
63,10160362424221,40000027,0.0
64,10160362424221,40000028,0.0
65,10160362424221,40000029,0.0
66,10160362424221,40000030,0.0
67,10160362424221,40000031,0.0
68,10160362424221,40000032,0.0
69,10160362424221,40000033,0.0
70,10160362424221,40000034,0.4875
71,10160362424221,40000035,0.4425
72,10160362424221,40000036,0.4097
73,10160362424221,40000037,0.4889
74,10160362424221,40000038,0.452
75,10160362424221,40000039,0.4958
76,10160362424221,40000040,0.46710000000000007
77,10160362424221,40000041,0.0
78,10160362424221,40000052,0.49749999999999994
0,10134040303649,20000026,0.4441
1,10134040303649,20000027,0.0
2,10134040303649,20000028,0.0
3,10134040303649,20000029,0.0
4,10134040303649,20000030,0.0
5,10134040303649,20000031,0.0
6,10134040303649,20000032,0.0
7,10134040303649,20000033,0.4691
8,10134040303649,20000034,0.0
9,10134040303649,20000035,0.0
10,10134040303649,20000036,0.0
11,10134040303649,20000037,0.4153428556607544
12,10134040303649,20000038,0.0
13,10134040303649,20000039,0.4428697511639048
14,10134040303649,20000040,0.4590126622079153
15,10134040303649,20000041,0.4583957753575862
16,10134040303649,20000042,0.43274019449031104
17,10134040303649,20000043,0.42605849287572434
18,10134040303649,20000044,0.43350625193322584
19,10134040303649,20000045,0.45463027899128455
20,10134040303649,20000046,0.428747167367435
21,10134040303649,20000047,0.0
22,10134040303649,20000231,0.0
23,10134040303649,21000026,0.41400000000000003
24,10134040303649,21000028,0.0
25,10134040303649,21000033,0.4859
26,10134040303649,30000001,0.0
27,10134040303649,30000002,0.0
28,10134040303649,30000003,0.0
29,10134040303649,30000047,0.0
30,10134040303649,30000048,0.0
31,10134040303649,30000049,0.0
32,10134040303649,30000050,0.0
33,10134040303649,30000051,0.4451
34,10134040303649,30000052,0.4727
35,10134040303649,30000053,0.43839999999999996
36,10134040303649,30000054,0.0
37,10134040303649,30000055,0.0
38,10134040303649,30000056,0.0
39,10134040303649,30000057,0.0
40,10134040303649,31000002,0.0
41,10134040303649,40000005,0.0
42,10134040303649,40000006,0.4716
43,10134040303649,40000007,0.4458
44,10134040303649,40000008,0.4863
45,10134040303649,40000009,0.4847
46,10134040303649,40000010,0.45419046546605957
47,10134040303649,40000011,0.4308642798218732
48,10134040303649,40000012,0.46602716027095975
49,10134040303649,40000013,0.47030401473622535
50,10134040303649,40000014,0.45345958808775927
51,10134040303649,40000015,0.4643578006265862
52,10134040303649,40000016,0.44622012814329215
53,10134040303649,40000017,0.478051708262782
54,10134040303649,40000018,0.4575701468035007
55,10134040303649,40000019,0.0
56,10134040303649,40000020,0.0
57,10134040303649,40000021,0.0
58,10134040303649,40000022,0.0
59,10134040303649,40000023,0.0
60,10134040303649,40000024,0.0
61,10134040303649,40000025,0.0
62,10134040303649,40000026,0.0
63,10134040303649,40000027,0.0
64,10134040303649,40000028,0.0
65,10134040303649,40000029,0.0
66,10134040303649,40000030,0.0
67,10134040303649,40000031,0.0
68,10134040303649,40000032,0.0
69,10134040303649,40000033,0.0
70,10134040303649,40000034,0.0
71,10134040303649,40000035,0.0
72,10134040303649,40000036,0.0
73,10134040303649,40000037,0.0
74,10134040303649,40000038,0.0
75,10134040303649,40000039,0.4958
76,10134040303649,40000040,0.4671
77,10134040303649,40000041,0.0
78,10134040303649,40000052,0.0
0,10134051513507,20000026,0.4751750490583624
1,10134051513507,20000027,0.0
2,10134051513507,20000028,0.0
3,10134051513507,20000029,0.0
4,10134051513507,20000030,0.0
5,10134051513507,20000031,0.0
6,10134051513507,20000032,0.0
7,10134051513507,20000033,0.4176
8,10134051513507,20000034,0.0
9,10134051513507,20000035,0.0
10,10134051513507,20000036,0.0
11,10134051513507,20000037,0.4449586807539302
12,10134051513507,20000038,0.4525144210674863
13,10134051513507,20000039,0.4262378051674976
14,10134051513507,20000040,0.4320517304967233
15,10134051513507,20000041,0.43505540573911505
16,10134051513507,20000042,0.4183544416789221
17,10134051513507,20000043,0.44878302555680677
18,10134051513507,20000044,0.4387058333152501
19,10134051513507,20000045,0.4397378862696898
20,10134051513507,20000046,0.4599885148657064
21,10134051513507,20000047,0.0
22,10134051513507,20000231,0.4074
23,10134051513507,21000026,0.0
24,10134051513507,21000028,0.0
25,10134051513507,21000033,0.0
26,10134051513507,30000001,0.0
27,10134051513507,30000002,0.0
28,10134051513507,30000003,0.0
29,10134051513507,30000047,0.0
30,10134051513507,30000048,0.0
31,10134051513507,30000049,0.0
32,10134051513507,30000050,0.0
33,10134051513507,30000051,0.4848
34,10134051513507,30000052,0.0
35,10134051513507,30000053,0.4184
36,10134051513507,30000054,0.0
37,10134051513507,30000055,0.0
38,10134051513507,30000056,0.0
39,10134051513507,30000057,0.0
40,10134051513507,31000002,0.0
41,10134051513507,40000005,0.4976
42,10134051513507,40000006,0.4646
43,10134051513507,40000007,0.4632
44,10134051513507,40000008,0.48880000000000007
45,10134051513507,40000009,0.4553
46,10134051513507,40000010,0.44114783481070424
47,10134051513507,40000011,0.46795787617797313
48,10134051513507,40000012,0.4432089173810882
49,10134051513507,40000013,0.43206661382770506
50,10134051513507,40000014,0.4602950245417751
51,10134051513507,40000015,0.46089577156271133
52,10134051513507,40000016,0.45329970325988467
53,10134051513507,40000017,0.4666475806787882
54,10134051513507,40000018,0.4644604751136844
55,10134051513507,40000019,0.44829441528194786
56,10134051513507,40000020,0.4407973541681826
57,10134051513507,40000021,0.4562577403879111
58,10134051513507,40000022,0.4476
59,10134051513507,40000023,0.4925
60,10134051513507,40000024,0.4447
61,10134051513507,40000025,0.4744
62,10134051513507,40000026,0.4920999999999999
63,10134051513507,40000027,0.4742
64,10134051513507,40000028,0.4976
65,10134051513507,40000029,0.445
66,10134051513507,40000030,0.44400000000000006
67,10134051513507,40000031,0.4788
68,10134051513507,40000032,0.4085
69,10134051513507,40000033,0.436
70,10134051513507,40000034,0.0
71,10134051513507,40000035,0.0
72,10134051513507,40000036,0.0
73,10134051513507,40000037,0.0
74,10134051513507,40000038,0.0
75,10134051513507,40000039,0.444987149238642
76,10134051513507,40000040,0.4368333333333333
77,10134051513507,40000041,0.0
78,10134051513507,40000052,0.0
0,10128184954279,20000026,0.4645226368605882
1,10128184954279,20000027,0.4804
2,10128184954279,20000028,0.0
3,10128184954279,20000029,0.0
4,10128184954279,20000030,0.0
5,10128184954279,20000031,0.0
6,10128184954279,20000032,0.0
7,10128184954279,20000033,0.436325
8,10128184954279,20000034,0.0
9,10128184954279,20000035,0.0
10,10128184954279,20000036,0.0
11,10128184954279,20000037,0.47205
12,10128184954279,20000038,0.45426529119533654
13,10128184954279,20000039,0.4265
14,10128184954279,20000040,0.43915000000000004
15,10128184954279,20000041,0.4492
16,10128184954279,20000042,0.4018
17,10128184954279,20000043,0.45105940436714975
18,10128184954279,20000044,0.4193
19,10128184954279,20000045,0.4705500000000001
20,10128184954279,20000046,0.4741
21,10128184954279,20000047,0.0
22,10128184954279,20000231,0.0
23,10128184954279,21000026,0.0
24,10128184954279,21000028,0.0
25,10128184954279,21000033,0.0
26,10128184954279,30000001,0.0
27,10128184954279,30000002,0.0
28,10128184954279,30000003,0.0
29,10128184954279,30000047,0.0
30,10128184954279,30000048,0.0
31,10128184954279,30000049,0.4579750000000001
32,10128184954279,30000050,0.0
33,10128184954279,30000051,0.0
34,10128184954279,30000052,0.0
35,10128184954279,30000053,0.4469362328942876
36,10128184954279,30000054,0.0
37,10128184954279,30000055,0.0
38,10128184954279,30000056,0.0
39,10128184954279,30000057,0.0
40,10128184954279,31000002,0.0
41,10128184954279,40000005,0.44271441075898926
42,10128184954279,40000006,0.4787053203701071
43,10128184954279,40000007,0.4204945490612197
44,10128184954279,40000008,0.43847116833821675
45,10128184954279,40000009,0.4540413288874031
46,10128184954279,40000010,0.43165537409941057
47,10128184954279,40000011,0.4542672227167584
48,10128184954279,40000012,0.4316253461481169
49,10128184954279,40000013,0.435631437009385
50,10128184954279,40000014,0.4424457429309219
51,10128184954279,40000015,0.4699405027024493
52,10128184954279,40000016,0.4472711071355454
53,10128184954279,40000017,0.45273667647272636
54,10128184954279,40000018,0.45201360425926823
55,10128184954279,40000019,0.4343719802742374
56,10128184954279,40000020,0.4467178644998862
57,10128184954279,40000021,0.4874063281591374
58,10128184954279,40000022,0.4328509985989416
59,10128184954279,40000023,0.42856987088785825
60,10128184954279,40000024,0.0
61,10128184954279,40000025,0.46774691039485644
62,10128184954279,40000026,0.4663871009245561
63,10128184954279,40000027,0.0
64,10128184954279,40000028,0.0
65,10128184954279,40000029,0.46310000000000007
66,10128184954279,40000030,0.43447500000000006
67,10128184954279,40000031,0.46864999999999996
68,10128184954279,40000032,0.457075
69,10128184954279,40000033,0.4377
70,10128184954279,40000034,0.4875
71,10128184954279,40000035,0.44250000000000006
72,10128184954279,40000036,0.40970000000000006
73,10128184954279,40000037,0.4889
74,10128184954279,40000038,0.452
75,10128184954279,40000039,0.4264
76,10128184954279,40000040,0.4166
77,10128184954279,40000041,0.0
78,10128184954279,40000052,0.4975
0,10153747215666,20000026,0.0
1,10153747215666,20000027,0.0
2,10153747215666,20000028,0.0
3,10153747215666,20000029,0.0
4,10153747215666,20000030,0.0
5,10153747215666,20000031,0.0
6,10153747215666,20000032,0.0
7,10153747215666,20000033,0.0
8,10153747215666,20000034,0.0
9,10153747215666,20000035,0.0
10,10153747215666,20000036,0.0
11,10153747215666,20000037,0.0
12,10153747215666,20000038,0.0
13,10153747215666,20000039,0.0
14,10153747215666,20000040,0.0
15,10153747215666,20000041,0.0
16,10153747215666,20000042,0.0
17,10153747215666,20000043,0.0
18,10153747215666,20000044,0.0
19,10153747215666,20000045,0.0
20,10153747215666,20000046,0.0
21,10153747215666,20000047,0.0
22,10153747215666,20000231,0.0
23,10153747215666,21000026,0.0
24,10153747215666,21000028,0.0
25,10153747215666,21000033,0.0
26,10153747215666,30000001,0.0
27,10153747215666,30000002,0.0
28,10153747215666,30000003,0.0
29,10153747215666,30000047,0.0
30,10153747215666,30000048,0.0
31,10153747215666,30000049,0.0
32,10153747215666,30000050,0.0
33,10153747215666,30000051,0.0
34,10153747215666,30000052,0.0
35,10153747215666,30000053,0.0
36,10153747215666,30000054,0.0
37,10153747215666,30000055,0.0
38,10153747215666,30000056,0.0
39,10153747215666,30000057,0.0
40,10153747215666,31000002,0.0
41,10153747215666,40000005,0.0
42,10153747215666,40000006,0.0
43,10153747215666,40000007,0.0
44,10153747215666,40000008,0.0
45,10153747215666,40000009,0.0
46,10153747215666,40000010,0.0
47,10153747215666,40000011,0.0
48,10153747215666,40000012,0.0
49,10153747215666,40000013,0.0
50,10153747215666,40000014,0.0
51,10153747215666,40000015,0.0
52,10153747215666,40000016,0.0
53,10153747215666,40000017,0.0
54,10153747215666,40000018,0.0
55,10153747215666,40000019,0.0
56,10153747215666,40000020,0.0
57,10153747215666,40000021,0.0
58,10153747215666,40000022,0.0
59,10153747215666,40000023,0.0
60,10153747215666,40000024,0.0
61,10153747215666,40000025,0.0
62,10153747215666,40000026,0.0
63,10153747215666,40000027,0.0
64,10153747215666,40000028,0.0
65,10153747215666,40000029,0.0
66,10153747215666,40000030,0.0
67,10153747215666,40000031,0.0
68,10153747215666,40000032,0.0
69,10153747215666,40000033,0.0
70,10153747215666,40000034,0.0
71,10153747215666,40000035,0.0
72,10153747215666,40000036,0.0
73,10153747215666,40000037,0.0
74,10153747215666,40000038,0.0
75,10153747215666,40000039,0.0
76,10153747215666,40000040,0.0
77,10153747215666,40000041,0.0
78,10153747215666,40000052,0.0
0,10134071009718,20000026,0.4072
1,10134071009718,20000027,0.0
2,10134071009718,20000028,0.4382
3,10134071009718,20000029,0.0
4,10134071009718,20000030,0.4393
5,10134071009718,20000031,0.4426
6,10134071009718,20000032,0.4113
7,10134071009718,20000033,0.0
8,10134071009718,20000034,0.4106
9,10134071009718,20000035,0.0
10,10134071009718,20000036,0.423
11,10134071009718,20000037,0.45318334188392384
12,10134071009718,20000038,0.436
13,10134071009718,20000039,0.4225621799846523
14,10134071009718,20000040,0.4419883467962238
15,10134071009718,20000041,0.43965988367939157
16,10134071009718,20000042,0.429682583233493
17,10134071009718,20000043,0.44436111327903105
18,10134071009718,20000044,0.4389046422144848
19,10134071009718,20000045,0.43364697915131345
20,10134071009718,20000046,0.4504598220707069
21,10134071009718,20000047,0.0
22,10134071009718,20000231,0.0
23,10134071009718,21000026,0.0
24,10134071009718,21000028,0.4206
25,10134071009718,21000033,0.0
26,10134071009718,30000001,0.48600000000000004
27,10134071009718,30000002,0.47669999999999996
28,10134071009718,30000003,0.4798
29,10134071009718,30000047,0.4308
30,10134071009718,30000048,0.4145
31,10134071009718,30000049,0.44750000000000006
32,10134071009718,30000050,0.4652
33,10134071009718,30000051,0.43670000000000003
34,10134071009718,30000052,0.4925999999999999
35,10134071009718,30000053,0.4896
36,10134071009718,30000054,0.4165
37,10134071009718,30000055,0.48600000000000004
38,10134071009718,30000056,0.4584
39,10134071009718,30000057,0.46580000000000005
40,10134071009718,31000002,0.4885999999999999
41,10134071009718,40000005,0.4799611335346553
42,10134071009718,40000006,0.4768070301035002
43,10134071009718,40000007,0.4385523124225978
44,10134071009718,40000008,0.4880407110461938
45,10134071009718,40000009,0.4625424484824595
46,10134071009718,40000010,0.42545191770817625
47,10134071009718,40000011,0.45045772479622365
48,10134071009718,40000012,0.451236755378086
49,10134071009718,40000013,0.44380339941979946
50,10134071009718,40000014,0.4490556855636027
51,10134071009718,40000015,0.47260619430937484
52,10134071009718,40000016,0.46593279308075625
53,10134071009718,40000017,0.4747773140661388
54,10134071009718,40000018,0.4517319883107905
55,10134071009718,40000019,0.457
56,10134071009718,40000020,0.4737
57,10134071009718,40000021,0.4334
58,10134071009718,40000022,0.4476
59,10134071009718,40000023,0.4925
60,10134071009718,40000024,0.4447
61,10134071009718,40000025,0.4744
62,10134071009718,40000026,0.4921
63,10134071009718,40000027,0.47420000000000007
64,10134071009718,40000028,0.4976
65,10134071009718,40000029,0.0
66,10134071009718,40000030,0.0
67,10134071009718,40000031,0.0
68,10134071009718,40000032,0.0
69,10134071009718,40000033,0.0
70,10134071009718,40000034,0.4875
71,10134071009718,40000035,0.4425
72,10134071009718,40000036,0.4097
73,10134071009718,40000037,0.4889
74,10134071009718,40000038,0.452
75,10134071009718,40000039,0.42425
76,10134071009718,40000040,0.43683333333333335
77,10134071009718,40000041,0.0
78,10134071009718,40000052,0.4975
0,10128110002624,20000026,0.47298988623644705
1,10128110002624,20000027,0.4339
2,10128110002624,20000028,0.45694999999999997
3,10128110002624,20000029,0.4847
4,10128110002624,20000030,0.0
5,10128110002624,20000031,0.4214
6,10128110002624,20000032,0.4239
7,10128110002624,20000033,0.4326980613183104
8,10128110002624,20000034,0.45769999999999994
9,10128110002624,20000035,0.4462999999999999
10,10128110002624,20000036,0.45609999999999995
11,10128110002624,20000037,0.42444903065915524
12,10128110002624,20000038,0.4524663020879487
13,10128110002624,20000039,0.4497827014610421
14,10128110002624,20000040,0.42325996858615916
15,10128110002624,20000041,0.4299173816390653
16,10128110002624,20000042,0.43282777675782114
17,10128110002624,20000043,0.43946635075721957
18,10128110002624,20000044,0.4458018336267583
19,10128110002624,20000045,0.4391946501534366
20,10128110002624,20000046,0.4637741379023226
21,10128110002624,20000047,0.4438
22,10128110002624,20000231,0.4074
23,10128110002624,21000026,0.4738
24,10128110002624,21000028,0.43315000000000003
25,10128110002624,21000033,0.45399999999999996
26,10128110002624,30000001,0.4877
27,10128110002624,30000002,0.44283333333333336
28,10128110002624,30000003,0.4515
29,10128110002624,30000047,0.441
30,10128110002624,30000048,0.48500000000000004
31,10128110002624,30000049,0.47130000000000005
32,10128110002624,30000050,0.4473000000000001
33,10128110002624,30000051,0.4643396773757174
34,10128110002624,30000052,0.46157500000000007
35,10128110002624,30000053,0.4302023193196232
36,10128110002624,30000054,0.45275
37,10128110002624,30000055,0.48219999999999996
38,10128110002624,30000056,0.4816
39,10128110002624,30000057,0.4107
40,10128110002624,31000002,0.42895
41,10128110002624,40000005,0.46476666666666666
42,10128110002624,40000006,0.43374999999999997
43,10128110002624,40000007,0.43323333333333336
44,10128110002624,40000008,0.4326000000000001
45,10128110002624,40000009,0.42045
46,10128110002624,40000010,0.43900271804646684
47,10128110002624,40000011,0.45619306135321813
48,10128110002624,40000012,0.43091471570443846
49,10128110002624,40000013,0.4296075799200364
50,10128110002624,40000014,0.4645185916586218
51,10128110002624,40000015,0.42979138061043826
52,10128110002624,40000016,0.44384247739381766
53,10128110002624,40000017,0.4559962342332099
54,10128110002624,40000018,0.4488801823344313
55,10128110002624,40000019,0.43955983874917953
56,10128110002624,40000020,0.40752676213213707
57,10128110002624,40000021,0.48353111070312843
58,10128110002624,40000022,0.44519999999999993
59,10128110002624,40000023,0.49179999999999996
60,10128110002624,40000024,0.0
61,10128110002624,40000025,0.0
62,10128110002624,40000026,0.0
63,10128110002624,40000027,0.0
64,10128110002624,40000028,0.0
65,10128110002624,40000029,0.445
66,10128110002624,40000030,0.444
67,10128110002624,40000031,0.47879999999999995
68,10128110002624,40000032,0.4085
69,10128110002624,40000033,0.436
70,10128110002624,40000034,0.0
71,10128110002624,40000035,0.0
72,10128110002624,40000036,0.0
73,10128110002624,40000037,0.0
74,10128110002624,40000038,0.0
75,10128110002624,40000039,0.4707
76,10128110002624,40000040,0.0
77,10128110002624,40000041,0.0
78,10128110002624,40000052,0.0
0,10134023845956,20000026,0.47800000000000004
1,10134023845956,20000027,0.0
2,10134023845956,20000028,0.4785
3,10134023845956,20000029,0.0
4,10134023845956,20000030,0.0
5,10134023845956,20000031,0.0
6,10134023845956,20000032,0.0
7,10134023845956,20000033,0.4176
8,10134023845956,20000034,0.0
9,10134023845956,20000035,0.0
10,10134023845956,20000036,0.0
11,10134023845956,20000037,0.4433852538043208
12,10134023845956,20000038,0.44014562960077847
13,10134023845956,20000039,0.44807002660236966
14,10134023845956,20000040,0.421729877615073
15,10134023845956,20000041,0.43204793065353736
16,10134023845956,20000042,0.4193159011204785
17,10134023845956,20000043,0.43626204174593664
18,10134023845956,20000044,0.443624752891347
19,10134023845956,20000045,0.4625197129877925
20,10134023845956,20000046,0.4871459678968549
21,10134023845956,20000047,0.0
22,10134023845956,20000231,0.4074
23,10134023845956,21000026,0.0
24,10134023845956,21000028,0.46019999999999994
25,10134023845956,21000033,0.0
26,10134023845956,30000001,0.0
27,10134023845956,30000002,0.47180000000000005
28,10134023845956,30000003,0.0
29,10134023845956,30000047,0.0
30,10134023845956,30000048,0.0
31,10134023845956,30000049,0.0
32,10134023845956,30000050,0.0
33,10134023845956,30000051,0.4693868811656172
34,10134023845956,30000052,0.48030000000000006
35,10134023845956,30000053,0.4585472146713764
36,10134023845956,30000054,0.4518
37,10134023845956,30000055,0.0
38,10134023845956,30000056,0.0
39,10134023845956,30000057,0.0
40,10134023845956,31000002,0.4814
41,10134023845956,40000005,0.0
42,10134023845956,40000006,0.0
43,10134023845956,40000007,0.0
44,10134023845956,40000008,0.0
45,10134023845956,40000009,0.0
46,10134023845956,40000010,0.4451158057743307
47,10134023845956,40000011,0.43424027373280677
48,10134023845956,40000012,0.4341620329858319
49,10134023845956,40000013,0.44939362996439564
50,10134023845956,40000014,0.44160300610238395
51,10134023845956,40000015,0.4509880547717383
52,10134023845956,40000016,0.4693424003308373
53,10134023845956,40000017,0.4503324911328955
54,10134023845956,40000018,0.47604430440815887
55,10134023845956,40000019,0.4375
56,10134023845956,40000020,0.4
57,10134023845956,40000021,0.4846
58,10134023845956,40000022,0.0
59,10134023845956,40000023,0.0
60,10134023845956,40000024,0.0
61,10134023845956,40000025,0.0
62,10134023845956,40000026,0.0
63,10134023845956,40000027,0.0
64,10134023845956,40000028,0.0
65,10134023845956,40000029,0.445
66,10134023845956,40000030,0.44399999999999995
67,10134023845956,40000031,0.4788
68,10134023845956,40000032,0.4084999999999999
69,10134023845956,40000033,0.436
70,10134023845956,40000034,0.0
71,10134023845956,40000035,0.0
72,10134023845956,40000036,0.0
73,10134023845956,40000037,0.0
74,10134023845956,40000038,0.0
75,10134023845956,40000039,0.4798080905940661
76,10134023845956,40000040,0.4671
77,10134023845956,40000041,0.0
78,10134023845956,40000052,0.0
0,10153719210054,20000026,0.0
1,10153719210054,20000027,0.0
2,10153719210054,20000028,0.0
3,10153719210054,20000029,0.0
4,10153719210054,20000030,0.0
5,10153719210054,20000031,0.0
6,10153719210054,20000032,0.0
7,10153719210054,20000033,0.0
8,10153719210054,20000034,0.0
9,10153719210054,20000035,0.0
10,10153719210054,20000036,0.0
11,10153719210054,20000037,0.0
12,10153719210054,20000038,0.0
13,10153719210054,20000039,0.0
14,10153719210054,20000040,0.0
15,10153719210054,20000041,0.0
16,10153719210054,20000042,0.0
17,10153719210054,20000043,0.0
18,10153719210054,20000044,0.0
19,10153719210054,20000045,0.0
20,10153719210054,20000046,0.0
21,10153719210054,20000047,0.0
22,10153719210054,20000231,0.0
23,10153719210054,21000026,0.0
24,10153719210054,21000028,0.0
25,10153719210054,21000033,0.0
26,10153719210054,30000001,0.0
27,10153719210054,30000002,0.0
28,10153719210054,30000003,0.0
29,10153719210054,30000047,0.0
30,10153719210054,30000048,0.0
31,10153719210054,30000049,0.0
32,10153719210054,30000050,0.0
33,10153719210054,30000051,0.0
34,10153719210054,30000052,0.0
35,10153719210054,30000053,0.0
36,10153719210054,30000054,0.0
37,10153719210054,30000055,0.0
38,10153719210054,30000056,0.0
39,10153719210054,30000057,0.0
40,10153719210054,31000002,0.0
41,10153719210054,40000005,0.0
42,10153719210054,40000006,0.0
43,10153719210054,40000007,0.0
44,10153719210054,40000008,0.0
45,10153719210054,40000009,0.0
46,10153719210054,40000010,0.0
47,10153719210054,40000011,0.0
48,10153719210054,40000012,0.0
49,10153719210054,40000013,0.0
50,10153719210054,40000014,0.0
51,10153719210054,40000015,0.0
52,10153719210054,40000016,0.0
53,10153719210054,40000017,0.0
54,10153719210054,40000018,0.0
55,10153719210054,40000019,0.0
56,10153719210054,40000020,0.0
57,10153719210054,40000021,0.0
58,10153719210054,40000022,0.0
59,10153719210054,40000023,0.0
60,10153719210054,40000024,0.0
61,10153719210054,40000025,0.0
62,10153719210054,40000026,0.0
63,10153719210054,40000027,0.0
64,10153719210054,40000028,0.0
65,10153719210054,40000029,0.0
66,10153719210054,40000030,0.0
67,10153719210054,40000031,0.0
68,10153719210054,40000032,0.0
69,10153719210054,40000033,0.0
70,10153719210054,40000034,0.0
71,10153719210054,40000035,0.0
72,10153719210054,40000036,0.0
73,10153719210054,40000037,0.0
74,10153719210054,40000038,0.0
75,10153719210054,40000039,0.0
76,10153719210054,40000040,0.0
77,10153719210054,40000041,0.0
78,10153719210054,40000052,0.0
0,10153747215688,20000026,0.46631393771307106
1,10153747215688,20000027,0.42010000000000003
2,10153747215688,20000028,0.0
3,10153747215688,20000029,0.0
4,10153747215688,20000030,0.0
5,10153747215688,20000031,0.0
6,10153747215688,20000032,0.0
7,10153747215688,20000033,0.0
8,10153747215688,20000034,0.0
9,10153747215688,20000035,0.0
10,10153747215688,20000036,0.0
11,10153747215688,20000037,0.425775258772161
12,10153747215688,20000038,0.45590021772268674
13,10153747215688,20000039,0.465701945882905
14,10153747215688,20000040,0.4541505676724056
15,10153747215688,20000041,0.4472012709089772
16,10153747215688,20000042,0.41865877805471563
17,10153747215688,20000043,0.45111946098802047
18,10153747215688,20000044,0.4429545742452097
19,10153747215688,20000045,0.454042821452677
20,10153747215688,20000046,0.4348668121317698
21,10153747215688,20000047,0.0
22,10153747215688,20000231,0.0
23,10153747215688,21000026,0.0
24,10153747215688,21000028,0.0
25,10153747215688,21000033,0.0
26,10153747215688,30000001,0.4836
27,10153747215688,30000002,0.4918
28,10153747215688,30000003,0.44639999999999996
29,10153747215688,30000047,0.4446248734793138
30,10153747215688,30000048,0.43454877609354997
31,10153747215688,30000049,0.43029822061775114
32,10153747215688,30000050,0.4441292151375556
33,10153747215688,30000051,0.45337211815582584
34,10153747215688,30000052,0.4381359633082855
35,10153747215688,30000053,0.4377981051294295
36,10153747215688,30000054,0.43071713379330023
37,10153747215688,30000055,0.45659448935302405
38,10153747215688,30000056,0.444766101426105
39,10153747215688,30000057,0.44735977015289424
40,10153747215688,31000002,0.0
41,10153747215688,40000005,0.4545534346417249
42,10153747215688,40000006,0.42760975574485066
43,10153747215688,40000007,0.44686370036931333
44,10153747215688,40000008,0.4331999999999999
45,10153747215688,40000009,0.4913
46,10153747215688,40000010,0.44732076873310644
47,10153747215688,40000011,0.44355620674606455
48,10153747215688,40000012,0.45681036779086864
49,10153747215688,40000013,0.45837335816214114
50,10153747215688,40000014,0.4834557390883988
51,10153747215688,40000015,0.4190204576553987
52,10153747215688,40000016,0.42836756222824274
53,10153747215688,40000017,0.44949126424979996
54,10153747215688,40000018,0.4432039380459082
55,10153747215688,40000019,0.4468990062855767
56,10153747215688,40000020,0.4589
57,10153747215688,40000021,0.0
58,10153747215688,40000022,0.0
59,10153747215688,40000023,0.4466
60,10153747215688,40000024,0.0
61,10153747215688,40000025,0.4603
62,10153747215688,40000026,0.4213
63,10153747215688,40000027,0.4248
64,10153747215688,40000028,0.0
65,10153747215688,40000029,0.0
66,10153747215688,40000030,0.0
67,10153747215688,40000031,0.0
68,10153747215688,40000032,0.0
69,10153747215688,40000033,0.0
70,10153747215688,40000034,0.0
71,10153747215688,40000035,0.0
72,10153747215688,40000036,0.0
73,10153747215688,40000037,0.0
74,10153747215688,40000038,0.0
75,10153747215688,40000039,0.0
76,10153747215688,40000040,0.0
77,10153747215688,40000041,0.0
78,10153747215688,40000052,0.0
0,10134015329369,20000026,0.47589906740767685
1,10134015329369,20000027,0.0
2,10134015329369,20000028,0.0
3,10134015329369,20000029,0.0
4,10134015329369,20000030,0.0
5,10134015329369,20000031,0.0
6,10134015329369,20000032,0.0
7,10134015329369,20000033,0.4176
8,10134015329369,20000034,0.0
9,10134015329369,20000035,0.0
10,10134015329369,20000036,0.0
11,10134015329369,20000037,0.44599399642674703
12,10134015329369,20000038,0.4454512356608281
13,10134015329369,20000039,0.4461069655174976
14,10134015329369,20000040,0.43232299634390753
15,10134015329369,20000041,0.43360891898608617
16,10134015329369,20000042,0.4177218009142089
17,10134015329369,20000043,0.4461164581135783
18,10134015329369,20000044,0.44141098761973235
19,10134015329369,20000045,0.46325053934348576
20,10134015329369,20000046,0.48595867071058285
21,10134015329369,20000047,0.0
22,10134015329369,20000231,0.4074
23,10134015329369,21000026,0.0
24,10134015329369,21000028,0.0
25,10134015329369,21000033,0.0
26,10134015329369,30000001,0.4986999999999999
27,10134015329369,30000002,0.4948000000000001
28,10134015329369,30000003,0.0
29,10134015329369,30000047,0.0
30,10134015329369,30000048,0.0
31,10134015329369,30000049,0.0
32,10134015329369,30000050,0.0
33,10134015329369,30000051,0.48480000000000006
34,10134015329369,30000052,0.0
35,10134015329369,30000053,0.41839999999999994
36,10134015329369,30000054,0.0
37,10134015329369,30000055,0.0
38,10134015329369,30000056,0.0
39,10134015329369,30000057,0.0
40,10134015329369,31000002,0.0
41,10134015329369,40000005,0.4923
42,10134015329369,40000006,0.4426
43,10134015329369,40000007,0.4419
44,10134015329369,40000008,0.424
45,10134015329369,40000009,0.4703
46,10134015329369,40000010,0.4213461845676541
47,10134015329369,40000011,0.44382251539032347
48,10134015329369,40000012,0.432143597074258
49,10134015329369,40000013,0.4346951258055215
50,10134015329369,40000014,0.43824166518591157
51,10134015329369,40000015,0.478586816444982
52,10134015329369,40000016,0.4612545951592376
53,10134015329369,40000017,0.46480409979558157
54,10134015329369,40000018,0.45771083396709883
55,10134015329369,40000019,0.4375
56,10134015329369,40000020,0.4
57,10134015329369,40000021,0.4846
58,10134015329369,40000022,0.0
59,10134015329369,40000023,0.0
60,10134015329369,40000024,0.0
61,10134015329369,40000025,0.0
62,10134015329369,40000026,0.0
63,10134015329369,40000027,0.0
64,10134015329369,40000028,0.0
65,10134015329369,40000029,0.445
66,10134015329369,40000030,0.444
67,10134015329369,40000031,0.4788
68,10134015329369,40000032,0.4084999999999999
69,10134015329369,40000033,0.436
70,10134015329369,40000034,0.4875
71,10134015329369,40000035,0.4425
72,10134015329369,40000036,0.40970000000000006
73,10134015329369,40000037,0.4889
74,10134015329369,40000038,0.45200000000000007
75,10134015329369,40000039,0.4707
76,10134015329369,40000040,0.0
77,10134015329369,40000041,0.0
78,10134015329369,40000052,0.4975
0,10128188699866,20000026,0.4649221198788223
1,10128188699866,20000027,0.45119999999999993
2,10128188699866,20000028,0.465
3,10128188699866,20000029,0.47430000000000005
4,10128188699866,20000030,0.41600000000000004
5,10128188699866,20000031,0.48589999999999994
6,10128188699866,20000032,0.4825
7,10128188699866,20000033,0.4326020763872968
8,10128188699866,20000034,0.4474
9,10128188699866,20000035,0.4916
10,10128188699866,20000036,0.4112
11,10128188699866,20000037,0.43264169806808006
12,10128188699866,20000038,0.44460963169628254
13,10128188699866,20000039,0.4453205823864524
14,10128188699866,20000040,0.45966095328129214
15,10128188699866,20000041,0.4558113406586489
16,10128188699866,20000042,0.41692347938255075
17,10128188699866,20000043,0.43856761023130775
18,10128188699866,20000044,0.4629171637775505
19,10128188699866,20000045,0.4606726865090886
20,10128188699866,20000046,0.4414385702996139
21,10128188699866,20000047,0.47070122133269315
22,10128188699866,20000231,0.45106693139323767
23,10128188699866,21000026,0.4469
24,10128188699866,21000028,0.0
25,10128188699866,21000033,0.47539999999999993
26,10128188699866,30000001,0.4943
27,10128188699866,30000002,0.4016
28,10128188699866,30000003,0.49290000000000006
29,10128188699866,30000047,0.43365129888462867
30,10128188699866,30000048,0.4131
31,10128188699866,30000049,0.4235
32,10128188699866,30000050,0.0
33,10128188699866,30000051,0.4822896682254608
34,10128188699866,30000052,0.4457249039938218
35,10128188699866,30000053,0.4225458509609814
36,10128188699866,30000054,0.4388
37,10128188699866,30000055,0.4078
38,10128188699866,30000056,0.4479
39,10128188699866,30000057,0.4571
40,10128188699866,31000002,0.0
41,10128188699866,40000005,0.4524277796207511
42,10128188699866,40000006,0.4570451372701599
43,10128188699866,40000007,0.4486983886284217
44,10128188699866,40000008,0.4599342823372746
45,10128188699866,40000009,0.4648913814125923
46,10128188699866,40000010,0.43492510958227615
47,10128188699866,40000011,0.4294343980289161
48,10128188699866,40000012,0.44460909910405355
49,10128188699866,40000013,0.44943939754163365
50,10128188699866,40000014,0.4631479554427521
51,10128188699866,40000015,0.43584916108542987
52,10128188699866,40000016,0.43536787157499435
53,10128188699866,40000017,0.44442697988491836
54,10128188699866,40000018,0.4532213858705245
55,10128188699866,40000019,0.4375
56,10128188699866,40000020,0.4346882208845415
57,10128188699866,40000021,0.47661258071737533
58,10128188699866,40000022,0.45370000000000005
59,10128188699866,40000023,0.46179999999999993
60,10128188699866,40000024,0.48730000000000007
61,10128188699866,40000025,0.46660000000000007
62,10128188699866,40000026,0.4877
63,10128188699866,40000027,0.4109
64,10128188699866,40000028,0.4186
65,10128188699866,40000029,0.445
66,10128188699866,40000030,0.444
67,10128188699866,40000031,0.4788
68,10128188699866,40000032,0.4085
69,10128188699866,40000033,0.436
70,10128188699866,40000034,0.0
71,10128188699866,40000035,0.0
72,10128188699866,40000036,0.0
73,10128188699866,40000037,0.0
74,10128188699866,40000038,0.0
75,10128188699866,40000039,0.4707
76,10128188699866,40000040,0.0
77,10128188699866,40000041,0.0
78,10128188699866,40000052,0.0
0,10134011588060,20000026,0.4735
1,10134011588060,20000027,0.0
2,10134011588060,20000028,0.4785
3,10134011588060,20000029,0.0
4,10134011588060,20000030,0.0
5,10134011588060,20000031,0.0
6,10134011588060,20000032,0.0
7,10134011588060,20000033,0.0
8,10134011588060,20000034,0.0
9,10134011588060,20000035,0.0
10,10134011588060,20000036,0.0
11,10134011588060,20000037,0.0
12,10134011588060,20000038,0.42940182544905525
13,10134011588060,20000039,0.0
14,10134011588060,20000040,0.4095
15,10134011588060,20000041,0.0
16,10134011588060,20000042,0.0
17,10134011588060,20000043,0.4355841832835497
18,10134011588060,20000044,0.0
19,10134011588060,20000045,0.0
20,10134011588060,20000046,0.0
21,10134011588060,20000047,0.0
22,10134011588060,20000231,0.0
23,10134011588060,21000026,0.0
24,10134011588060,21000028,0.4602
25,10134011588060,21000033,0.0
26,10134011588060,30000001,0.0
27,10134011588060,30000002,0.4718
28,10134011588060,30000003,0.0
29,10134011588060,30000047,0.0
30,10134011588060,30000048,0.0
31,10134011588060,30000049,0.0
32,10134011588060,30000050,0.0
33,10134011588060,30000051,0.4595
34,10134011588060,30000052,0.4803
35,10134011588060,30000053,0.46210169451804595
36,10134011588060,30000054,0.4518
37,10134011588060,30000055,0.0
38,10134011588060,30000056,0.0
39,10134011588060,30000057,0.0
40,10134011588060,31000002,0.4814
41,10134011588060,40000005,0.4243
42,10134011588060,40000006,0.4790525265423882
43,10134011588060,40000007,0.4342572495878359
44,10134011588060,40000008,0.46477433031245075
45,10134011588060,40000009,0.46937899194541577
46,10134011588060,40000010,0.4506853531211733
47,10134011588060,40000011,0.4434517117499106
48,10134011588060,40000012,0.4345019686463041
49,10134011588060,40000013,0.4554470781545535
50,10134011588060,40000014,0.4613064139146714
51,10134011588060,40000015,0.43464598874613447
52,10134011588060,40000016,0.4542625932739455
53,10134011588060,40000017,0.4376245049129971
54,10134011588060,40000018,0.43511062022050806
55,10134011588060,40000019,0.4147
56,10134011588060,40000020,0.44819999999999993
57,10134011588060,40000021,0.4868
58,10134011588060,40000022,0.4269
59,10134011588060,40000023,0.4091
60,10134011588060,40000024,0.0
61,10134011588060,40000025,0.4558
62,10134011588060,40000026,0.4623
63,10134011588060,40000027,0.0
64,10134011588060,40000028,0.0
65,10134011588060,40000029,0.0
66,10134011588060,40000030,0.0
67,10134011588060,40000031,0.0
68,10134011588060,40000032,0.0
69,10134011588060,40000033,0.0
70,10134011588060,40000034,0.0
71,10134011588060,40000035,0.0
72,10134011588060,40000036,0.0
73,10134011588060,40000037,0.0
74,10134011588060,40000038,0.0
75,10134011588060,40000039,0.0
76,10134011588060,40000040,0.0
77,10134011588060,40000041,0.0
78,10134011588060,40000052,0.0
0,10134018256604,20000026,0.4462689378127411
1,10134018256604,20000027,0.0
2,10134018256604,20000028,0.4382
3,10134018256604,20000029,0.0
4,10134018256604,20000030,0.43929999999999997
5,10134018256604,20000031,0.4426
6,10134018256604,20000032,0.4113
7,10134018256604,20000033,0.4691
8,10134018256604,20000034,0.4106
9,10134018256604,20000035,0.0
10,10134018256604,20000036,0.423
11,10134018256604,20000037,0.4352537092143807
12,10134018256604,20000038,0.44665
13,10134018256604,20000039,0.4509680761457787
14,10134018256604,20000040,0.43290154312066914
15,10134018256604,20000041,0.43796471578928264
16,10134018256604,20000042,0.45214330913290807
17,10134018256604,20000043,0.4349783906574168
18,10134018256604,20000044,0.4371824966050969
19,10134018256604,20000045,0.4443761921823211
20,10134018256604,20000046,0.45479268480250895
21,10134018256604,20000047,0.0
22,10134018256604,20000231,0.0
23,10134018256604,21000026,0.414
24,10134018256604,21000028,0.42060000000000003
25,10134018256604,21000033,0.48589999999999994
26,10134018256604,30000001,0.4848642360942637
27,10134018256604,30000002,0.4838458479069241
28,10134018256604,30000003,0.46399395231183693
29,10134018256604,30000047,0.4440979023963289
30,10134018256604,30000048,0.4357482497364827
31,10134018256604,30000049,0.4558289353087327
32,10134018256604,30000050,0.44695679226411117
33,10134018256604,30000051,0.44329419634064643
34,10134018256604,30000052,0.4749111095045596
35,10134018256604,30000053,0.4515267679097159
36,10134018256604,30000054,0.438884013642219
37,10134018256604,30000055,0.4545298751118909
38,10134018256604,30000056,0.4593937934175193
39,10134018256604,30000057,0.481038165735295
40,10134018256604,31000002,0.4886
41,10134018256604,40000005,0.4674
42,10134018256604,40000006,0.4855
43,10134018256604,40000007,0.421
44,10134018256604,40000008,0.48750000000000004
45,10134018256604,40000009,0.4677
46,10134018256604,40000010,0.4471200627432402
47,10134018256604,40000011,0.44823464248447714
48,10134018256604,40000012,0.44821524027759196
49,10134018256604,40000013,0.47608824159649454
50,10134018256604,40000014,0.45551348604875314
51,10134018256604,40000015,0.4564548413157631
52,10134018256604,40000016,0.47352812160450947
53,10134018256604,40000017,0.45636930936383924
54,10134018256604,40000018,0.4540663138398572
55,10134018256604,40000019,0.0
56,10134018256604,40000020,0.0
57,10134018256604,40000021,0.0
58,10134018256604,40000022,0.0
59,10134018256604,40000023,0.0
60,10134018256604,40000024,0.0
61,10134018256604,40000025,0.0
62,10134018256604,40000026,0.0
63,10134018256604,40000027,0.0
64,10134018256604,40000028,0.0
65,10134018256604,40000029,0.0
66,10134018256604,40000030,0.0
67,10134018256604,40000031,0.0
68,10134018256604,40000032,0.0
69,10134018256604,40000033,0.0
70,10134018256604,40000034,0.0
71,10134018256604,40000035,0.0
72,10134018256604,40000036,0.0
73,10134018256604,40000037,0.0
74,10134018256604,40000038,0.0
75,10134018256604,40000039,0.4958
76,10134018256604,40000040,0.4671
77,10134018256604,40000041,0.0
78,10134018256604,40000052,0.0
0,10160329988703,20000026,0.4094
1,10160329988703,20000027,0.0
2,10160329988703,20000028,0.0
3,10160329988703,20000029,0.0
4,10160329988703,20000030,0.0
5,10160329988703,20000031,0.0
6,10160329988703,20000032,0.0
7,10160329988703,20000033,0.4739
8,10160329988703,20000034,0.0
9,10160329988703,20000035,0.0
10,10160329988703,20000036,0.0
11,10160329988703,20000037,0.4338
12,10160329988703,20000038,0.0
13,10160329988703,20000039,0.43039999999999995
14,10160329988703,20000040,0.4834
15,10160329988703,20000041,0.0
16,10160329988703,20000042,0.4301
17,10160329988703,20000043,0.43443696778645796
18,10160329988703,20000044,0.0
19,10160329988703,20000045,0.0
20,10160329988703,20000046,0.4146
21,10160329988703,20000047,0.4969
22,10160329988703,20000231,0.0
23,10160329988703,21000026,0.4469
24,10160329988703,21000028,0.0
25,10160329988703,21000033,0.4754
26,10160329988703,30000001,0.0
27,10160329988703,30000002,0.0
28,10160329988703,30000003,0.0
29,10160329988703,30000047,0.4059
30,10160329988703,30000048,0.0
31,10160329988703,30000049,0.0
32,10160329988703,30000050,0.0
33,10160329988703,30000051,0.47820000000000007
34,10160329988703,30000052,0.4291
35,10160329988703,30000053,0.43708090092226964
36,10160329988703,30000054,0.4388
37,10160329988703,30000055,0.4078
38,10160329988703,30000056,0.4479
39,10160329988703,30000057,0.4571
40,10160329988703,31000002,0.0
41,10160329988703,40000005,0.4464899820303789
42,10160329988703,40000006,0.48022622868414067
43,10160329988703,40000007,0.43967680051332536
44,10160329988703,40000008,0.46387598033993693
45,10160329988703,40000009,0.4654401416805956
46,10160329988703,40000010,0.4447897719314727
47,10160329988703,40000011,0.42551909957556294
48,10160329988703,40000012,0.44910013244280056
49,10160329988703,40000013,0.478344151954262
50,10160329988703,40000014,0.4432212974954815
51,10160329988703,40000015,0.4798485216157089
52,10160329988703,40000016,0.4488634585400863
53,10160329988703,40000017,0.45841020028337687
54,10160329988703,40000018,0.4592587971269331
55,10160329988703,40000019,0.4147
56,10160329988703,40000020,0.46565963819407663
57,10160329988703,40000021,0.47737991613714925
58,10160329988703,40000022,0.43778182101398266
59,10160329988703,40000023,0.4304982077401823
60,10160329988703,40000024,0.4873
61,10160329988703,40000025,0.46018521145339597
62,10160329988703,40000026,0.47261336767743134
63,10160329988703,40000027,0.41089999999999993
64,10160329988703,40000028,0.4186
65,10160329988703,40000029,0.0
66,10160329988703,40000030,0.0
67,10160329988703,40000031,0.0
68,10160329988703,40000032,0.0
69,10160329988703,40000033,0.0
70,10160329988703,40000034,0.4875
71,10160329988703,40000035,0.4425
72,10160329988703,40000036,0.4097
73,10160329988703,40000037,0.4889
74,10160329988703,40000038,0.452
75,10160329988703,40000039,0.49579999999999996
76,10160329988703,40000040,0.4671
77,10160329988703,40000041,0.0
78,10160329988703,40000052,0.4975
0,10128110000610,20000026,0.4625385756931975
1,10128110000610,20000027,0.4201
2,10128110000610,20000028,0.0
3,10128110000610,20000029,0.0
4,10128110000610,20000030,0.0
5,10128110000610,20000031,0.0
6,10128110000610,20000032,0.0
7,10128110000610,20000033,0.0
8,10128110000610,20000034,0.0
9,10128110000610,20000035,0.0
10,10128110000610,20000036,0.0
11,10128110000610,20000037,0.47205
12,10128110000610,20000038,0.4523686679949423
13,10128110000610,20000039,0.4265
14,10128110000610,20000040,0.43915000000000004
15,10128110000610,20000041,0.4492
16,10128110000610,20000042,0.4018
17,10128110000610,20000043,0.45216758434558296
18,10128110000610,20000044,0.4193
19,10128110000610,20000045,0.47055
20,10128110000610,20000046,0.4741
21,10128110000610,20000047,0.0
22,10128110000610,20000231,0.0
23,10128110000610,21000026,0.0
24,10128110000610,21000028,0.0
25,10128110000610,21000033,0.0
26,10128110000610,30000001,0.0
27,10128110000610,30000002,0.0
28,10128110000610,30000003,0.0
29,10128110000610,30000047,0.0
30,10128110000610,30000048,0.0
31,10128110000610,30000049,0.4089
32,10128110000610,30000050,0.0
33,10128110000610,30000051,0.0
34,10128110000610,30000052,0.0
35,10128110000610,30000053,0.4421
36,10128110000610,30000054,0.0
37,10128110000610,30000055,0.0
38,10128110000610,30000056,0.0
39,10128110000610,30000057,0.0
40,10128110000610,31000002,0.0
41,10128110000610,40000005,0.46069999999999994
42,10128110000610,40000006,0.4053
43,10128110000610,40000007,0.4167
44,10128110000610,40000008,0.4332
45,10128110000610,40000009,0.4913
46,10128110000610,40000010,0.42310666869772723
47,10128110000610,40000011,0.42994834742914984
48,10128110000610,40000012,0.43431843495200534
49,10128110000610,40000013,0.44929373965074504
50,10128110000610,40000014,0.4387427113106905
51,10128110000610,40000015,0.47290012281848537
52,10128110000610,40000016,0.452581428468087
53,10128110000610,40000017,0.46846643815839967
54,10128110000610,40000018,0.4703984116872278
55,10128110000610,40000019,0.44867142857142855
56,10128110000610,40000020,0.45890000000000003
57,10128110000610,40000021,0.0
58,10128110000610,40000022,0.0
59,10128110000610,40000023,0.0
60,10128110000610,40000024,0.0
61,10128110000610,40000025,0.0
62,10128110000610,40000026,0.4213
63,10128110000610,40000027,0.4248
64,10128110000610,40000028,0.0
65,10128110000610,40000029,0.0
66,10128110000610,40000030,0.0
67,10128110000610,40000031,0.0
68,10128110000610,40000032,0.0
69,10128110000610,40000033,0.0
70,10128110000610,40000034,0.4875
71,10128110000610,40000035,0.4425
72,10128110000610,40000036,0.4097
73,10128110000610,40000037,0.4889
74,10128110000610,40000038,0.452
75,10128110000610,40000039,0.4958000000000001
76,10128110000610,40000040,0.4671
77,10128110000610,40000041,0.0
78,10128110000610,40000052,0.4975
0,10128111218020,20000026,0.44283052353907926
1,10128111218020,20000027,0.0
2,10128111218020,20000028,0.4381999999999999
3,10128111218020,20000029,0.0
4,10128111218020,20000030,0.43929999999999997
5,10128111218020,20000031,0.4426
6,10128111218020,20000032,0.4113
7,10128111218020,20000033,0.4691
8,10128111218020,20000034,0.4106
9,10128111218020,20000035,0.0
10,10128111218020,20000036,0.423
11,10128111218020,20000037,0.46014322193509244
12,10128111218020,20000038,0.4229347186572818
13,10128111218020,20000039,0.45480571688707255
14,10128111218020,20000040,0.4311050027101247
15,10128111218020,20000041,0.4229715849897601
16,10128111218020,20000042,0.431547265243413
17,10128111218020,20000043,0.44548464291291967
18,10128111218020,20000044,0.45287830754288744
19,10128111218020,20000045,0.46203036582607215
20,10128111218020,20000046,0.47277106972728794
21,10128111218020,20000047,0.0
22,10128111218020,20000231,0.0
23,10128111218020,21000026,0.414
24,10128111218020,21000028,0.4206
25,10128111218020,21000033,0.4859
26,10128111218020,30000001,0.4902542983328127
27,10128111218020,30000002,0.48753813707331695
28,10128111218020,30000003,0.46582754205731774
29,10128111218020,30000047,0.4425552715026759
30,10128111218020,30000048,0.43328333418043224
31,10128111218020,30000049,0.4548627323290781
32,10128111218020,30000050,0.449073106176934
33,10128111218020,30000051,0.44253879083856085
34,10128111218020,30000052,0.4767252600927178
35,10128111218020,30000053,0.45610595511419344
36,10128111218020,30000054,0.4362873431343975
37,10128111218020,30000055,0.45818058523388094
38,10128111218020,30000056,0.4592785078347195
39,10128111218020,30000057,0.4792704534656997
40,10128111218020,31000002,0.48860000000000003
41,10128111218020,40000005,0.4802732344583998
42,10128111218020,40000006,0.46332081292107025
43,10128111218020,40000007,0.43180524498717093
44,10128111218020,40000008,0.4546706671442415
45,10128111218020,40000009,0.4690441931562988
46,10128111218020,40000010,0.4477501620646326
47,10128111218020,40000011,0.44190716582704825
48,10128111218020,40000012,0.45051139511919497
49,10128111218020,40000013,0.45555285889659264
50,10128111218020,40000014,0.4494792433833038
51,10128111218020,40000015,0.462897018785376
52,10128111218020,40000016,0.4855972074023018
53,10128111218020,40000017,0.45338905073880104
54,10128111218020,40000018,0.4411250782966377
55,10128111218020,40000019,0.0
56,10128111218020,40000020,0.0
57,10128111218020,40000021,0.0
58,10128111218020,40000022,0.0
59,10128111218020,40000023,0.0
60,10128111218020,40000024,0.0
61,10128111218020,40000025,0.0
62,10128111218020,40000026,0.0
63,10128111218020,40000027,0.0
64,10128111218020,40000028,0.0
65,10128111218020,40000029,0.0
66,10128111218020,40000030,0.0
67,10128111218020,40000031,0.0
68,10128111218020,40000032,0.0
69,10128111218020,40000033,0.0
70,10128111218020,40000034,0.0
71,10128111218020,40000035,0.0
72,10128111218020,40000036,0.0
73,10128111218020,40000037,0.0
74,10128111218020,40000038,0.0
75,10128111218020,40000039,0.0
76,10128111218020,40000040,0.0
77,10128111218020,40000041,0.0
78,10128111218020,40000052,0.0
0,10134011546475,20000026,0.4646552594431459
1,10134011546475,20000027,0.4540979790833117
2,10134011546475,20000028,0.45694999999999997
3,10134011546475,20000029,0.4847
4,10134011546475,20000030,0.0
5,10134011546475,20000031,0.4214
6,10134011546475,20000032,0.4239
7,10134011546475,20000033,0.44490850897657513
8,10134011546475,20000034,0.4577
9,10134011546475,20000035,0.4463
10,10134011546475,20000036,0.4561
11,10134011546475,20000037,0.46256822435677586
12,10134011546475,20000038,0.45384003249740756
13,10134011546475,20000039,0.4634962389408673
14,10134011546475,20000040,0.4233919607847542
15,10134011546475,20000041,0.4214092111221109
16,10134011546475,20000042,0.4199362134041046
17,10134011546475,20000043,0.45475392429482614
18,10134011546475,20000044,0.4510219425490235
19,10134011546475,20000045,0.4640710132301719
20,10134011546475,20000046,0.47044270132840893
21,10134011546475,20000047,0.4437999999999999
22,10134011546475,20000231,0.0
23,10134011546475,21000026,0.4738
24,10134011546475,21000028,0.43315
25,10134011546475,21000033,0.45399999999999996
26,10134011546475,30000001,0.4877
27,10134011546475,30000002,0.44283333333333336
28,10134011546475,30000003,0.45149999999999996
29,10134011546475,30000047,0.44099999999999995
30,10134011546475,30000048,0.485
31,10134011546475,30000049,0.4655120844884919
32,10134011546475,30000050,0.4473000000000001
33,10134011546475,30000051,0.4388600000000001
34,10134011546475,30000052,0.46157500000000007
35,10134011546475,30000053,0.4462166979472079
36,10134011546475,30000054,0.45275
37,10134011546475,30000055,0.4822
38,10134011546475,30000056,0.4816
39,10134011546475,30000057,0.4107
40,10134011546475,31000002,0.42895
41,10134011546475,40000005,0.451076165722647
42,10134011546475,40000006,0.46185426548308267
43,10134011546475,40000007,0.4253025565285844
44,10134011546475,40000008,0.43640654170053567
45,10134011546475,40000009,0.441654731824033
46,10134011546475,40000010,0.44778673111842443
47,10134011546475,40000011,0.45570991081928913
48,10134011546475,40000012,0.4385547939073664
49,10134011546475,40000013,0.4407106251228447
50,10134011546475,40000014,0.44885299250712224
51,10134011546475,40000015,0.45544698393576694
52,10134011546475,40000016,0.46220802595820804
53,10134011546475,40000017,0.43998446376303796
54,10134011546475,40000018,0.4516443973231979
55,10134011546475,40000019,0.4374229963562236
56,10134011546475,40000020,0.4356089112027343
57,10134011546475,40000021,0.4854739480849232
58,10134011546475,40000022,0.43749672857318794
59,10134011546475,40000023,0.4522645126272403
60,10134011546475,40000024,0.0
61,10134011546475,40000025,0.46790727960464407
62,10134011546475,40000026,0.466441964075273
63,10134011546475,40000027,0.0
64,10134011546475,40000028,0.0
65,10134011546475,40000029,0.46309999999999996
66,10134011546475,40000030,0.43447500000000006
67,10134011546475,40000031,0.46865000000000007
68,10134011546475,40000032,0.457075
69,10134011546475,40000033,0.4377
70,10134011546475,40000034,0.0
71,10134011546475,40000035,0.0
72,10134011546475,40000036,0.0
73,10134011546475,40000037,0.0
74,10134011546475,40000038,0.0
75,10134011546475,40000039,0.4264
76,10134011546475,40000040,0.4166
77,10134011546475,40000041,0.0
78,10134011546475,40000052,0.0
0,10128174484846,20000026,0.4719929022310863
1,10128174484846,20000027,0.4524
2,10128174484846,20000028,0.4395
3,10128174484846,20000029,0.4996
4,10128174484846,20000030,0.4492
5,10128174484846,20000031,0.4134
6,10128174484846,20000032,0.4505
7,10128174484846,20000033,0.4426496336696189
8,10128174484846,20000034,0.44799999999999995
9,10128174484846,20000035,0.46645000000000003
10,10128174484846,20000036,0.4809
11,10128174484846,20000037,0.4396949907440752
12,10128174484846,20000038,0.47492931706550406
13,10128174484846,20000039,0.4585882728846765
14,10128174484846,20000040,0.42495182192976416
15,10128174484846,20000041,0.44455124260159157
16,10128174484846,20000042,0.4461913348022567
17,10128174484846,20000043,0.44505158589633464
18,10128174484846,20000044,0.4469992398025165
19,10128174484846,20000045,0.46288430516762624
20,10128174484846,20000046,0.4710254032508565
21,10128174484846,20000047,0.4466333333333334
22,10128174484846,20000231,0.4437463711911398
23,10128174484846,21000026,0.414
24,10128174484846,21000028,0.0
25,10128174484846,21000033,0.4859
26,10128174484846,30000001,0.4601276266524463
27,10128174484846,30000002,0.47301282370403314
28,10128174484846,30000003,0.450482151886531
29,10128174484846,30000047,0.43343293879880046
30,10128174484846,30000048,0.4482668584912789
31,10128174484846,30000049,0.46004369823145574
32,10128174484846,30000050,0.42263743024789835
33,10128174484846,30000051,0.44846137057617036
34,10128174484846,30000052,0.4650584690796628
35,10128174484846,30000053,0.4405948711788541
36,10128174484846,30000054,0.4638
37,10128174484846,30000055,0.4195
38,10128174484846,30000056,0.4605000000000001
39,10128174484846,30000057,0.49799999999999994
40,10128174484846,31000002,0.0
41,10128174484846,40000005,0.48214999999999997
42,10128174484846,40000006,0.46771739791088457
43,10128174484846,40000007,0.4443881446948671
44,10128174484846,40000008,0.45748932767963263
45,10128174484846,40000009,0.4694784349915364
46,10128174484846,40000010,0.4595940706757116
47,10128174484846,40000011,0.4652818208159365
48,10128174484846,40000012,0.43633917343405215
49,10128174484846,40000013,0.4713211467092697
50,10128174484846,40000014,0.4520528008096519
51,10128174484846,40000015,0.4551633825187846
52,10128174484846,40000016,0.44988266905784935
53,10128174484846,40000017,0.4397504194823697
54,10128174484846,40000018,0.45546329845519196
55,10128174484846,40000019,0.4375
56,10128174484846,40000020,0.39999999999999997
57,10128174484846,40000021,0.4846
58,10128174484846,40000022,0.0
59,10128174484846,40000023,0.0
60,10128174484846,40000024,0.0
61,10128174484846,40000025,0.0
62,10128174484846,40000026,0.0
63,10128174484846,40000027,0.0
64,10128174484846,40000028,0.0
65,10128174484846,40000029,0.445
66,10128174484846,40000030,0.44400000000000006
67,10128174484846,40000031,0.47879999999999995
68,10128174484846,40000032,0.4085
69,10128174484846,40000033,0.436
70,10128174484846,40000034,0.0
71,10128174484846,40000035,0.0
72,10128174484846,40000036,0.0
73,10128174484846,40000037,0.0
74,10128174484846,40000038,0.0
75,10128174484846,40000039,0.4707
76,10128174484846,40000040,0.0
77,10128174484846,40000041,0.0
78,10128174484846,40000052,0.0
0,10134070550268,20000026,0.47249710259742644
1,10134070550268,20000027,0.4804
2,10134070550268,20000028,0.0
3,10134070550268,20000029,0.0
4,10134070550268,20000030,0.0
5,10134070550268,20000031,0.0
6,10134070550268,20000032,0.0
7,10134070550268,20000033,0.427889832777036
8,10134070550268,20000034,0.0
9,10134070550268,20000035,0.0
10,10134070550268,20000036,0.0
11,10134070550268,20000037,0.4322281804071852
12,10134070550268,20000038,0.46826673544416547
13,10134070550268,20000039,0.4635148072968462
14,10134070550268,20000040,0.4213247318027957
15,10134070550268,20000041,0.42294586910884835
16,10134070550268,20000042,0.43629926765534527
17,10134070550268,20000043,0.4668938158731288
18,10134070550268,20000044,0.4561829698413738
19,10134070550268,20000045,0.45173087901672776
20,10134070550268,20000046,0.4503129666192699
21,10134070550268,20000047,0.0
22,10134070550268,20000231,0.4074
23,10134070550268,21000026,0.0
24,10134070550268,21000028,0.0
25,10134070550268,21000033,0.0
26,10134070550268,30000001,0.4836
27,10134070550268,30000002,0.4918
28,10134070550268,30000003,0.44639999999999996
29,10134070550268,30000047,0.4410873231775029
30,10134070550268,30000048,0.428390339984193
31,10134070550268,30000049,0.4485929725945348
32,10134070550268,30000050,0.44846077764214526
33,10134070550268,30000051,0.46253539428564777
34,10134070550268,30000052,0.4334364439292374
35,10134070550268,30000053,0.43737179108600444
36,10134070550268,30000054,0.42251879641501583
37,10134070550268,30000055,0.4657869558307226
38,10134070550268,30000056,0.44086704963359813
39,10134070550268,30000057,0.43481050411873284
40,10134070550268,31000002,0.0
41,10134070550268,40000005,0.4529414808705107
42,10134070550268,40000006,0.4628621866992761
43,10134070550268,40000007,0.4694551158958338
44,10134070550268,40000008,0.455975
45,10134070550268,40000009,0.47065
46,10134070550268,40000010,0.4521327839294915
47,10134070550268,40000011,0.46864408761740267
48,10134070550268,40000012,0.447631287409376
49,10134070550268,40000013,0.44147706198470815
50,10134070550268,40000014,0.47686150027246843
51,10134070550268,40000015,0.43857022718338046
52,10134070550268,40000016,0.4425927627137965
53,10134070550268,40000017,0.46261568533746783
54,10134070550268,40000018,0.4460553352446757
55,10134070550268,40000019,0.44679299349722623
56,10134070550268,40000020,0.4246736177136939
57,10134070550268,40000021,0.4865508094183433
58,10134070550268,40000022,0.44015
59,10134070550268,40000023,0.4489741664948312
60,10134070550268,40000024,0.0
61,10134070550268,40000025,0.46926907342491764
62,10134070550268,40000026,0.4714
63,10134070550268,40000027,0.0
64,10134070550268,40000028,0.0
65,10134070550268,40000029,0.45494638041465163
66,10134070550268,40000030,0.438765785997262
67,10134070550268,40000031,0.4732223336348777
68,10134070550268,40000032,0.43519311760451407
69,10134070550268,40000033,0.43693419042568543
70,10134070550268,40000034,0.0
71,10134070550268,40000035,0.0
72,10134070550268,40000036,0.0
73,10134070550268,40000037,0.0
74,10134070550268,40000038,0.0
75,10134070550268,40000039,0.446356096554195
76,10134070550268,40000040,0.4166
77,10134070550268,40000041,0.0
78,10134070550268,40000052,0.0
0,10160366662143,20000026,0.47800000000000004
1,10160366662143,20000027,0.0
2,10160366662143,20000028,0.0
3,10160366662143,20000029,0.0
4,10160366662143,20000030,0.0
5,10160366662143,20000031,0.0
6,10160366662143,20000032,0.0
7,10160366662143,20000033,0.4176
8,10160366662143,20000034,0.0
9,10160366662143,20000035,0.0
10,10160366662143,20000036,0.0
11,10160366662143,20000037,0.4576722931394619
12,10160366662143,20000038,0.4887
13,10160366662143,20000039,0.4627297177902116
14,10160366662143,20000040,0.42490270316191503
15,10160366662143,20000041,0.4100609899534334
16,10160366662143,20000042,0.42171618498978425
17,10160366662143,20000043,0.4407110990093233
18,10160366662143,20000044,0.4673162189714897
19,10160366662143,20000045,0.4739803516526486
20,10160366662143,20000046,0.4956671734637682
21,10160366662143,20000047,0.0
22,10160366662143,20000231,0.4074
23,10160366662143,21000026,0.0
24,10160366662143,21000028,0.0
25,10160366662143,21000033,0.0
26,10160366662143,30000001,0.0
27,10160366662143,30000002,0.0
28,10160366662143,30000003,0.0
29,10160366662143,30000047,0.0
30,10160366662143,30000048,0.0
31,10160366662143,30000049,0.0
32,10160366662143,30000050,0.0
33,10160366662143,30000051,0.4848
34,10160366662143,30000052,0.0
35,10160366662143,30000053,0.4184
36,10160366662143,30000054,0.0
37,10160366662143,30000055,0.0
38,10160366662143,30000056,0.0
39,10160366662143,30000057,0.0
40,10160366662143,31000002,0.0
41,10160366662143,40000005,0.0
42,10160366662143,40000006,0.4716
43,10160366662143,40000007,0.44580000000000003
44,10160366662143,40000008,0.4863
45,10160366662143,40000009,0.4847
46,10160366662143,40000010,0.4443775947573334
47,10160366662143,40000011,0.43389546642869037
48,10160366662143,40000012,0.4415852621208439
49,10160366662143,40000013,0.46353288268045706
50,10160366662143,40000014,0.44330839171724423
51,10160366662143,40000015,0.45061269433801776
52,10160366662143,40000016,0.4618923194905923
53,10160366662143,40000017,0.4443125987936742
54,10160366662143,40000018,0.455392657036345
55,10160366662143,40000019,0.4375
56,10160366662143,40000020,0.4
57,10160366662143,40000021,0.4845999999999999
58,10160366662143,40000022,0.0
59,10160366662143,40000023,0.0
60,10160366662143,40000024,0.0
61,10160366662143,40000025,0.0
62,10160366662143,40000026,0.0
63,10160366662143,40000027,0.0
64,10160366662143,40000028,0.0
65,10160366662143,40000029,0.44500000000000006
66,10160366662143,40000030,0.44399999999999995
67,10160366662143,40000031,0.4788
68,10160366662143,40000032,0.4085
69,10160366662143,40000033,0.436
70,10160366662143,40000034,0.4875
71,10160366662143,40000035,0.4425
72,10160366662143,40000036,0.4097
73,10160366662143,40000037,0.4889
74,10160366662143,40000038,0.452
75,10160366662143,40000039,0.4707
76,10160366662143,40000040,0.0
77,10160366662143,40000041,0.0
78,10160366662143,40000052,0.4975
